Workbook

Sheet 견적서
A1: 📋 견적서 작성 폼
A3: 📌 사용법: 품목을 드롭다운에서 고르면 설명·단가가 자동 입력됩니다. 수량 × 기간(회) × 단가 = 금액으로 자동 계산됩니다. 각 행의 비고 칸에 특이사항을 자유롭게 적을 수 있습니다.
A5: ■ 발행 정보
A6: 브랜드 ID | B6: softment
A7: 문서번호 (선택, 비우면 자동)
A8: 건명
A9: 발행일 | B9: 46156
A10: 유효기간 | B10: 46186
A12: ■ 수신처 (고객) 정보
A13: 회사명
A14: 사업자등록번호
A15: 주소
A16: 담당자 | C16: 직책
A17: Email
A19: ■ 품목 내역 (드롭다운 선택 또는 직접 입력 모두 가능)
A20: 품목 | B20: 설명 | C20: 수량 | D20: 기간(회) | E20: 단가 | F20: 금액 | G20: 비고
B21: =IFERROR(VLOOKUP(A21,품목카탈로그!$A$3:$C$4,2,FALSE),"") | E21: =IFERROR(VLOOKUP(A21,품목카탈로그!$A$3:$C$4,3,FALSE),0) | F21: =IF(E21="","",IF(C21="",1,C21)*IF(D21="",1,D21)*E21)
B22: =IFERROR(VLOOKUP(A22,품목카탈로그!$A$3:$C$4,2,FALSE),"") | E22: =IFERROR(VLOOKUP(A22,품목카탈로그!$A$3:$C$4,3,FALSE),0) | F22: =IF(E22="","",IF(C22="",1,C22)*IF(D22="",1,D22)*E22)
B23: =IFERROR(VLOOKUP(A23,품목카탈로그!$A$3:$C$4,2,FALSE),"") | E23: =IFERROR(VLOOKUP(A23,품목카탈로그!$A$3:$C$4,3,FALSE),0) | F23: =IF(E23="","",IF(C23="",1,C23)*IF(D23="",1,D23)*E23)
B24: =IFERROR(VLOOKUP(A24,품목카탈로그!$A$3:$C$4,2,FALSE),"") | E24: =IFERROR(VLOOKUP(A24,품목카탈로그!$A$3:$C$4,3,FALSE),0) | F24: =IF(E24="","",IF(C24="",1,C24)*IF(D24="",1,D24)*E24)
B25: =IFERROR(VLOOKUP(A25,품목카탈로그!$A$3:$C$4,2,FALSE),"") | E25: =IFERROR(VLOOKUP(A25,품목카탈로그!$A$3:$C$4,3,FALSE),0) | F25: =IF(E25="","",IF(C25="",1,C25)*IF(D25="",1,D25)*E25)
B26: =IFERROR(VLOOKUP(A26,품목카탈로그!$A$3:$C$4,2,FALSE),"") | E26: =IFERROR(VLOOKUP(A26,품목카탈로그!$A$3:$C$4,3,FALSE),0) | F26: =IF(E26="","",IF(C26="",1,C26)*IF(D26="",1,D26)*E26)
B27: =IFERROR(VLOOKUP(A27,품목카탈로그!$A$3:$C$4,2,FALSE),"") | E27: =IFERROR(VLOOKUP(A27,품목카탈로그!$A$3:$C$4,3,FALSE),0) | F27: =IF(E27="","",IF(C27="",1,C27)*IF(D27="",1,D27)*E27)
B28: =IFERROR(VLOOKUP(A28,품목카탈로그!$A$3:$C$4,2,FALSE),"") | E28: =IFERROR(VLOOKUP(A28,품목카탈로그!$A$3:$C$4,3,FALSE),0) | F28: =IF(E28="","",IF(C28="",1,C28)*IF(D28="",1,D28)*E28)
B29: =IFERROR(VLOOKUP(A29,품목카탈로그!$A$3:$C$4,2,FALSE),"") | E29: =IFERROR(VLOOKUP(A29,품목카탈로그!$A$3:$C$4,3,FALSE),0) | F29: =IF(E29="","",IF(C29="",1,C29)*IF(D29="",1,D29)*E29)
B30: =IFERROR(VLOOKUP(A30,품목카탈로그!$A$3:$C$4,2,FALSE),"") | E30: =IFERROR(VLOOKUP(A30,품목카탈로그!$A$3:$C$4,3,FALSE),0) | F30: =IF(E30="","",IF(C30="",1,C30)*IF(D30="",1,D30)*E30)
B31: =IFERROR(VLOOKUP(A31,품목카탈로그!$A$3:$C$4,2,FALSE),"") | E31: =IFERROR(VLOOKUP(A31,품목카탈로그!$A$3:$C$4,3,FALSE),0) | F31: =IF(E31="","",IF(C31="",1,C31)*IF(D31="",1,D31)*E31)
B32: =IFERROR(VLOOKUP(A32,품목카탈로그!$A$3:$C$4,2,FALSE),"") | E32: =IFERROR(VLOOKUP(A32,품목카탈로그!$A$3:$C$4,3,FALSE),0) | F32: =IF(E32="","",IF(C32="",1,C32)*IF(D32="",1,D32)*E32)
... B40: =IFERROR(VLOOKUP(A40,품목카탈로그!$A$3:$C$4,2,FALSE),"") | E40: =IFERROR(VLOOKUP(A40,품목카탈로그!$A$3:$C$4,3,FALSE),0) | F40: =IF(E40="","",IF(C40="",1,C40)*IF(D40="",1,D40)*E40)
A42: ■ 합계 (자동 계산)
F43: 공급가액 | G43: =SUM(F21:F40)
F44: 부가세 (10%) | G44: =ROUND(G43*0.1,0)
F45: 합계 금액 | G45: =G43+G44
A47: ■ 비고 (문서 전체 - 선택)

Sheet 품목카탈로그
A1: ℹ 이 시트는 드롭다운과 단가 자동 채우기에 사용됩니다. 영구적인 변경은 catalog/products.json 파일을 편집하세요.
A2: 품목명 | B2: 설명 | C2: 단가 | D2: 통화 | E2: 코드
A3: 주문 접수 프로그램 사용료 | B3: 매장 / 월 | C3: 100000 | D3: KRW | E3: ORDER-SYSTEM
A4: QR오더 | B4: 매장 월 정액제 | C4: 100000 | D4: KRW | E4: QR-ORDER
